0,1.6630819286539325,1.793131470871711,1.8242698061893652,1.799981635112227,1.774971770189047,1.8140757211950258,1.6214329992140857,1.7160456224713179,1.661535336534152,1.2630297322017134,1.2920775167471805,1.2110854424150916,1.2552553367705825,1.2401915741534326,1.312285743703518,1.2936398974208296,1.3305216268445157,1.2930821689691556,1.2474415104954109,1.0571004428750517,1.0438849322298682,0.5476594129533302,-0.24590928549147484,-0.44783644155994656,-0.6121439780949072,-1.41240863808787,-1.3948950641788418,-1.17934354028862,-1.5354689539806963,-1.2256418391080295,-1.1979114437176508,-1.1578752379791484,-0.9795111110694996,-0.9291209602030484,-0.6510417360127745,-0.5683751038365958,-0.5400059606569128,-0.30565650518975473,-0.31553224584671324,-0.28222078839196374,-0.1225291009495333,-0.1410052712254393,-0.016443111164265632,0.23688051938703392,0.5403340466307059,0.5320732543756899,0.3658822697632929,0.32778911264192073,0.45369425349760867,0.5244104035118251,0.6106993387574474,0.5516252775324535,0.5662077687869577,-0.2813488325735948,-0.06894693213002788,0.2951777607437443,0.2862811574094675,0.3830673279958232,0.5549590479836408,0.6636443809800001,0.6099583283374899,0.49702178768268324,0.5176377660034412,0.4254731286579565,0.4736496790664116,0.41542315555437925,0.3537523774432221,0.19443043558226886,-0.1681962670151945,-0.06332746499033838,-0.042831230186565115,-0.30187371781656486,-0.37534567299575294,-0.12300348680788396,0.020091592931919196,-0.25286912631535513,-0.17053739940486196,-0.14468261300122082,-0.025541529751572516,-0.0031586951495623434,0.2003589312454679,0.40939784981775607,0.4780132471202671,0.6223117945063239,0.4875527396467477,0.4073320991313835,0.6135775519936617,0.5927355655007018,0.5859384278049601,0.6897570190541386,0.8825503656213173,0.9327209070407341,0.7848279710623358,0.8122763680788057,0.7579708689388137,0.6693516172675625,0.639966529453731,0.14041789294556062,0.49090649319591695,0.3924413728741937,0.32710847035489676,0.5320280726488251,0.5045952797256318,0.364041758777783,0.1882467126776816,0.08266931640730327,0.16715329412832333,-0.06591256121070391,-0.1656977957203005,-0.5554571093262232,-1.5140263398931448,-1.4243655920595588,-1.7665395553530534,-1.610053034867065,-1.6393581215997557,-1.5290914233678627,-1.5796852803302883,-1.7016557072891272,-1.3632881876086735,-1.5315930731330165,-1.3666445853607128,-1.5188306402034149,-1.817127377414971,-1.7733735485885433,-1.5209395067215898,-1.4333914450617695,-1.727734782737553,-1.448027095534843,-1.4166240648192634,-1.4471665367479463,-1.4051451360064042,-1.4582094218008876,-1.651497717096327,-1.498219391463567
1,1.4856446083611778,1.979470129293947,1.9969010374388854,2.0643271094527957,2.200717244517888,2.1947938619622858,2.097695428715927,2.1064436144793803,2.202274190220685,1.9242349951956925,1.8070344143136272,2.0287224301159044,1.9553864364154605,1.7644788303635282,1.9214758795885625,1.9769126399322325,1.859160965091923,1.7144827580013347,1.563734343161096,1.377994075176858,1.2146647804140953,0.7473754887841237,-0.18913050836167794,-0.7522113348503892,-0.9262740053772913,-1.8401446332915337,-1.8668135795135508,-1.8454183404613171,-2.0441367906742816,-1.8128996661962693,-1.7388750750105335,-1.6046141428031995,-1.5792567885125002,-1.4880125535011226,-1.340217820638678,-1.341967541543981,-1.358219967433022,-1.2696707161743805,-1.3032013800894275,-1.2975223252942005,-0.9497808546153103,-0.9808133145229067,-0.8588471174139733,-0.6259127787605071,-0.4144746506611055,-0.4404623382600481,-0.4699638599995218,-0.3742142654011367,-0.39693869184003977,-0.3843240238633227,-0.2613881456329391,-0.3357326704642396,-0.3333621390337008,-0.7759336366344678,-0.8488743479965307,-0.712083688007093,-0.6202762013317535,-0.46592514888258624,-0.4068867533785863,-0.36592892707772623,-0.5341129508375315,-0.4913509478472471,-0.548193509701585,-0.48807978702395094,-0.4483511554167236,-0.38968411386670143,-0.45468311170896225,-0.6060741996563196,-0.7551081515799309,-0.6920518441520219,-0.6644331536369603,-0.8587961264568537,-0.9350024776793099,-0.7590620331755732,-0.6895851006418398,-0.7812369537426213,-0.6723311911629312,-0.6007116106417899,-0.44386135065733767,-0.41687139987752636,-0.26537260187333667,-0.15364266415826794,-0.07216071751045354,-0.042471696506259336,-0.080755000552713,-0.03130385490442856,0.0316832957629311,0.011375665464521241,0.05004930291557668,0.05642543128277568,0.10426135619883706,0.20685131150430242,0.09548978445406024,0.07250484063177107,0.10000507829484495,0.08527634278732564,0.03900862232876026,-0.20156739756484646,-0.07482520489299918,0.05155700963726796,0.0981413639219949,0.19410069126723264,0.29645129272595383,0.30293740157948473,0.3317113014003938,0.3585815861031878,0.45406893015708155,0.4331724204341031,0.4399850365694225,0.33416053445483074,0.039611534027511545,0.23309681081889114,0.15944840231694005,0.34108401565847646,0.2774706786115335,0.4075103346063887,0.30128899741201565,0.2042018393441797,0.30565682957966667,0.2506073236924178,0.30396364135083653,0.18491804383484853,-0.01524887772259322,-0.006464348799907614,0.07153303236200068,0.19426849066278462,0.10496650867369511,0.28014605667467546,0.24976511846701907,0.28893725619944677,0.3270884797026719,0.31199498602776476,0.30474680173988167,0.32007521481665646
2,0.09098961961512286,0.17285191265206562,0.28871996235872266,0.3033075749916387,0.4576713511215177,0.44324711421675517,0.4233824550658867,0.35843903267935967,0.3660978200724048,0.25477272985706495,0.40910364257033743,0.5146340006343356,0.6868237980605741,0.7629922372480806,0.9783369311196065,1.2083767997173163,1.2539032712542686,1.3888293219326713,1.5248761212961472,1.5503196464614466,1.4891154381426044,1.5512197047527505,1.508853632568213,1.7856554596353982,2.1539018655490785,1.7037087955150234,1.4845580322668126,1.2561979029301045,0.6225147686150365,0.771361815218176,0.8960031442218886,0.9693428133533531,1.3505671705327533,1.514034955732944,1.6968873545092549,1.4744367251427093,1.4449265620296843,1.4527973798084308,1.267389709328658,1.1727269516993977,1.3373724286116828,1.1685155815038701,1.197454154628217,1.2142791555040626,1.3086153090359807,1.262521958565973,1.1956990059352701,1.2058704133069766,1.022308714774989,0.8758189722270624,0.8710240963273999,0.757892320377218,0.6608884648354075,0.1465157373789724,0.02994531254348202,0.1367537377222444,-0.07668359212529122,0.17766249959300595,0.1699142221013991,0.10789106176300285,-0.07034197167154757,-0.15517007763647112,-0.19195124381674614,0.07740083219344417,0.15629601479163144,-0.012754278282538311,-0.06421266140070378,-0.3741876871960094,-0.5494948867518328,-0.4808267319216205,-0.3658260541772969,-0.6339933976336762,-0.6437904673062036,-0.36681470381954956,-0.38745184689295,-0.560996649988907,-0.5051566002625013,-0.5250985005523019,-0.47527716276939314,-0.5018319339971068,-0.3449142998378609,-0.23680029086535903,-0.26916004617635264,-0.2206140525726537,-0.21527956238542584,-0.19405316740197112,-0.14618341556029263,-0.2712175528612837,-0.3191427218485331,-0.18076100618438914,-0.10272736086353904,-0.17744970099301124,-0.4164853950587674,-0.4645984064204213,-0.5375340223019952,-0.589246421511459,-0.577381304159746,-0.9044696015761144,-0.7729809627217238,-0.7761224780544924,-0.697860969381308,-0.6012249604961235,-0.5820550707141692,-0.5618021066004104,-0.7013935374194517,-0.6834040810886138,-0.5571697596907527,-0.6433656927054558,-0.6157753768192763,-0.6584608344299292,-1.075166918683195,-0.9687575455799263,-1.0404752452740906,-0.9503746837626516,-1.1508179975278694,-1.3003906178148534,-1.473878966635781,-1.584934493144648,-1.3460590501266607,-1.6064181025678865,-1.5767861724235401,-1.6704625885902142,-1.8298384689060672,-1.843477963811315,-1.5643448372863855,-1.5092288195190942,-1.6948120755798803,-1.4754913746671305,-1.4756419924239506,-1.5782259083069157,-1.6400194261446264,-1.6708805442281232,-1.6614859902644137,-1.435051128026133
3,0.6878041978198765,0.7909765533518583,0.8280208203087795,0.819213831036867,0.8130530450010961,0.7927135279296578,0.7343481026085096,0.7939582684024866,0.7739484384979309,0.5426687242985964,0.5868941277740628,0.5654817839549495,0.5835158677981203,0.5442691655275759,0.6385301752693754,0.6441124076168621,0.76122549426644,0.7733624973590072,0.7547855575247757,0.6426937255533887,0.633852363331729,0.4360126811555189,0.08122629450936138,0.058042308712929196,0.08219958599905539,-0.33997672836243076,-0.24804788013180482,-0.12581125449174468,-0.42558584186881826,-0.13959819170016427,-0.10662104423079638,-0.04843728442144242,0.1440042522467155,0.2033827973237536,0.46588029126291325,0.5519948881231014,0.6393333636282943,0.8088898909346172,0.7828169074976725,0.9224181045343807,0.9829484968319795,0.9195135771442826,0.9755713630849869,1.1755252999824837,1.4415254335310372,1.3827682330118996,1.2438326190471078,1.2504744608225462,1.240430655041532,1.3020965802455902,1.3343709535223205,1.2296894771390974,1.1948448453670095,0.582511032895557,0.7510280958764857,1.046385444383822,0.9233464760982322,0.9865598061486476,1.1463878759313888,1.1164220804086173,0.9816032965779716,0.8847704515463946,0.8570933581846414,0.8780901865779922,0.9014669274367537,0.8045554131920066,0.7991497618338987,0.7648166986388563,0.4685027048386353,0.5228638049037052,0.50451889487371,0.26185987248355297,0.1672178370860101,0.3473365132086198,0.35046553208492026,0.11263890115531025,0.1420572066317416,0.08021769246988832,0.15792858069208185,0.11430667972773959,0.2627513256944253,0.30719923788005254,0.2694161918813214,0.29323519395577835,0.19741309154721065,0.13991090608667914,0.2095644485528427,0.15491802543278266,0.0914015790829374,0.12302375937461624,0.22889679435276364,0.2498175233100437,0.10230402362411914,0.019228475916198865,-0.08922823955974624,-0.1820554370677349,-0.26007066682386676,-0.5936840965927962,-0.5233874649691427,-0.590196262143811,-0.6941506017192597,-0.5484813223962107,-0.5489532917431272,-0.6136406001187075,-0.7142242869837421,-0.7728220995767364,-0.729470063045644,-0.9034738668543593,-0.9579007829575326,-1.1330520575872782,-1.7172981453375151,-1.6942608773449443,-1.8879430887328017,-1.801143059244515,-1.848899945894948,-1.7949049596919981,-1.8412739940326293,-1.9152383839576006,-1.6960437161762372,-1.7818019171767732,-1.6874016977397326,-1.8272022305965165,-2.0304199111091163,-2.007373276292473,-1.8575456501784307,-1.8001705586751044,-1.9493637113930997,-1.770336880539648,-1.7276915411471336,-1.7623578208551558,-1.7456723772842238,-1.770106114220838,-1.8758379528841496,-1.7792465626585974
4,0.9412347456929234,1.1541130369820904,1.2701428914112598,1.2195209208556916,1.1394368714772298,1.1301697339690693,1.018037424290317,1.0787223508220503,1.0095943133329288,0.6144066508157346,0.6396369706007502,0.7000925906860981,0.7090928449556683,0.628667862704056,0.725943358994567,0.8153612723540412,0.8268720394393925,0.7439061443025426,0.6685372351849465,0.41527066773786747,0.40118644657715535,-0.040135626385281314,-0.6543861616859014,-0.8727864710655605,-1.0249288751934087,-1.7916731098591019,-1.8203474950452958,-1.6272380574469927,-2.0010040750872617,-1.6353061577437797,-1.5995743589350766,-1.532050622984677,-1.3323570823747661,-1.2856971273161586,-0.981151110415138,-0.9221700134969268,-0.904220129517858,-0.7176589321031053,-0.7567532395961233,-0.6670268820057692,-0.49152281369033063,-0.5541341331762852,-0.4276146705432674,-0.2258034825934009,-0.015422741296438405,-0.030977668567333437,-0.14792913678970004,-0.2478351116192359,-0.24477237525088946,-0.19118571878858936,-0.08116137620578028,-0.21900782268801006,-0.23584265060502785,-1.0529808013061643,-0.8201276479319775,-0.5272413653053227,-0.4905582469535433,-0.3079962573233014,-0.026063660046637346,-0.01406558344759201,-0.07511673380932254,-0.026342633902398493,0.026649795619804687,0.08446318402379882,0.1615960917486895,0.07936153949402897,0.0058536512251235245,-0.0442425913165239,-0.3569452906385375,-0.24797382646821878,-0.19234276511738993,-0.48478861468782425,-0.5536398759661879,-0.26903676795327247,-0.09679171034611411,-0.2014695849707174,-0.02975097122241573,0.1380354088967437,0.3916281508003169,0.5638387342852502,0.9623188342744755,1.1326027288328726,1.2616435603294844,1.44286089250575,1.2728544538264357,1.2429851015747369,1.4293049584604325,1.4103874983255504,1.3529836493481988,1.4531243802629845,1.6927088899490796,1.788565418429009,1.6810361042687676,1.7265211311057274,1.6306088637050509,1.7317692336849209,1.5095922882365436,0.9662044661843341,1.3804035578152554,1.2172075926875983,1.1103082523683228,1.463860141150862,1.479250537968584,1.282231208576864,1.1454292825217476,0.9084308019394106,1.0316686011919873,0.6071570941352122,0.44388875677614437,0.1262946471987834,-0.8814905043407282,-0.7710469281566833,-1.1598301329318668,-1.0462996272222382,-1.1770615446021575,-1.1164085708821332,-1.240793352655167,-1.343342090154375,-1.007605271222579,-1.2473182534040157,-1.0903240171451603,-1.258776296165836,-1.600354899015311,-1.5806430628919648,-1.3005106307630838,-1.1260241631070587,-1.3813021745414145,-1.018379932143938,-0.864097263056384,-0.8320683517020037,-0.8229327587619506,-0.7764170139229363,-0.8048067946245552,-0.6405920647157954
5,-0.6075975992267489,-0.6290695529528533,-0.6980474692076662,-0.7988552955544198,-0.852271540097289,-1.0111585194659363,-1.1581722399449674,-1.3581838547846097,-1.3641954256610778,-1.4615955856984528,-1.5695604179851,-1.5684898023598006,-1.647006618142122,-1.7025895934253907,-1.7481315829633288,-1.8499002480710638,-1.8074942818992892,-1.885349005756241,-1.8142747907100005,-1.8071153524211783,-1.7801754541948658,-1.8116529422926508,-1.7832922519379684,-1.7281649489291537,-1.7470062412612426,-1.7727621576337516,-1.813449104842997,-1.74128041519215,-1.708699899912261,-1.6448056975057397,-1.6190896518178197,-1.5595666853361985,-1.4383961893942931,-1.1638294752503386,-1.0941705803501312,-0.9911427314367063,-0.9159858500988035,-0.7887498725218641,-0.3974317690099157,0.6412249590335624,0.655342788146337,0.8125867899878134,0.9424764089589557,1.0083147603956935,1.1271990638779048,1.1682966592467072,1.116915541173457,1.1214045628218916,1.077416191305282,1.212768204105016,1.2928800086687415,1.1843038087145659,1.2566503831214646,1.21298494280338,1.2306534147709887,1.2639635167636878,1.2759662782748111,1.2877591457820001,1.2171522406098234,1.2178376776080844,1.17876645558106,1.1751607650883933,1.1533880609458955,1.1071577946637639,1.0374889797812339,1.030002437744665,0.9110026576038118,0.934327666643317,0.895194086261242,0.8713716508668642,0.7796436858909742,0.7341436379681132,0.7824841138061065,0.7654709553893011,0.789858557242845,0.7140566672591874,0.6018244332061421,0.6422193324654807,0.6623218150846344,0.6725434151650465,0.6156496127243267,0.6270595067101962,0.648268854484459,0.7299315020078544,0.6873500755850626,0.7255800610579385,0.7627239936821294,0.8076087807447692,0.729783447786193,0.6376536011805555,0.6014539711488581,0.5559729214397161,0.5270328684842595,0.39959128930322885,0.34147357243371235,0.3496774132975625,0.3587596153814926,0.3310843751295877,0.31343560653424135,0.29698098707268394,0.27064679563997884,0.2741736945792325,0.26219639724968263,0.2746037335375077,0.22155885581981966,0.1693703201819501,0.1823548576437543,0.13365554553706668,0.14704237345801854,0.1013398314364761,0.09226540669739208,0.083366810242955,0.05740411578171303,0.09867695234299222,0.07834718355868471,0.045057874738693444,-0.011434893122202213,-0.02541257875114046,-0.0355203653793409,-0.015963406696658217,0.026807496757143036,-0.023455064159386318,-0.0037324686833115593,-0.0021802874986365135,0.002112669704714851,0.010890370552873787,0.038834002878591026,0.053900787243912306,0.0781151244323224,0.0902619841352732,0.10687117242368332,0.09178456887222788,0.08694086975621956,0.06823339331711632
6,1.0699111655541866,1.2243526548312282,1.2127526816259002,1.198020258566221,1.1833355173786069,1.1600372671789823,1.088820717626947,1.2736655365950666,1.097699372915128,0.6694250088681738,0.6670336739069587,0.6387907970702765,0.5953009028346183,0.583391494888765,0.7499567101728137,0.7614906109174989,0.9417628682531214,0.9115561387437172,0.870538451557356,0.6613760327183477,0.656642674968928,0.3059805961685353,-0.2772422302768318,-0.35446110925950874,-0.48679443881286183,-1.159539316535712,-1.1068861949676898,-0.9327219673457017,-1.2263760315901144,-0.9642329968439799,-0.954654352762086,-0.9461805611601247,-0.719105225297171,-0.712747064837033,-0.39264407186509054,-0.28810231351671034,-0.1966024255408168,0.07265314266554719,0.043534570176822864,0.17793752273785232,0.27098223989248543,0.1571722620711375,0.22751448290880869,0.509035942716789,0.7212292617139006,0.6504187113386747,0.4748674548442018,0.4288725971343957,0.4198954660449327,0.5243477768836826,0.5824489375140323,0.4506029075250552,0.48745152461428365,-0.2164000784386173,0.12222180061504899,0.4953473118534523,0.5162924473713523,0.5985007443568481,0.9359429891133091,1.0826173648034556,0.9725580037226002,0.883818088392849,0.9983478688078722,0.9095742722490006,0.9825320520801759,0.9076727907519989,0.9667534268903114,1.045526321016205,0.6730612873383377,1.0307828393212073,1.0933237981292174,0.8572142123735443,0.7017324956492047,0.9958916234391597,1.0911905369164332,0.876535992368172,0.8368204086027329,0.6691023395907295,0.8027658104216274,0.7263344346265996,0.9410450317686532,0.9631354828491036,0.9802865098238013,0.9844804533566655,0.7878576077293199,0.6145518406528032,0.7645305048984762,0.6593492260813643,0.5972008021246981,0.5708563641196392,0.7146314781490255,0.7538419513184013,0.6398797200250617,0.554449183169261,0.3126504899760044,0.21255204208862086,0.0867542031084808,-0.3957381727534114,-0.2794045659138038,-0.40862475792339614,-0.4398883535479538,-0.24705654296386442,-0.25949296267774813,-0.42521815454052936,-0.5430543825787372,-0.6460713084933494,-0.5304093309353585,-0.7389383333729246,-0.7877399413381161,-1.0458466774180735,-1.8455325270600857,-1.7504643687089603,-2.052836503270495,-1.9023163192565065,-1.9253215204057577,-1.7624882707976242,-1.8063559499470117,-1.9104966796187641,-1.6012745225109848,-1.718354253422986,-1.4793332389722107,-1.6793886653262522,-1.9085079671683292,-1.8084047681295325,-1.6176422612700265,-1.5739280911662858,-1.885039262278484,-1.602017420309809,-1.5602964513056434,-1.4992214155432693,-1.4669433283531215,-1.5081731765821875,-1.6139894119299378,-1.4708198493232236
7,1.593478502300085,1.730207087075779,1.731906651057095,1.761345319400654,1.7480459995845743,1.7125048617856846,1.6094424351234098,1.6743297050457469,1.623856724947774,1.3301631784612238,1.3709373700576133,1.3921814480180974,1.3817313229350234,1.3824639469932622,1.4396525164152385,1.4694595905143566,1.51064331849115,1.5012633620565807,1.4783564096695223,1.3177169474545503,1.299309463986301,0.9889852970553724,0.4922495769871738,0.3585532969031498,0.2785072029146701,-0.321721311738366,-0.2999704926988033,-0.18258778013776022,-0.4926559624110903,-0.29194465916965084,-0.26877998376422874,-0.22757058057578694,-0.07885219951890886,-0.029868313168561672,0.16085836400995526,0.1768872655761666,0.19445128013714896,0.3142267297457916,0.3013562561378693,0.3201520908551144,0.43234249951919085,0.3706699369678027,0.4696245238900533,0.5888122065478041,0.7287086046781203,0.6985584241111565,0.5847507145545405,0.5498044556953043,0.5634835366149394,0.5796855373110155,0.5943773618117766,0.5772174996187199,0.6390075370171986,0.11289340023161966,0.169406971648608,0.3984896814957123,0.34572390668790715,0.44448551655594326,0.5466568301911967,0.5731301019835193,0.4559713769290419,0.41209632767968357,0.4151647470527516,0.4221025756241745,0.4929005852818894,0.41170354077217725,0.3563971766902999,0.25631711860582973,0.05260343484334377,0.12941465591831428,0.1651732350936042,-0.040825471512295694,-0.09691626783036102,0.054472797287525514,0.09056878398829458,-0.0765825298342662,-0.05792285455115152,-0.10387844098002567,-0.02146885505958528,-0.021908973651060783,0.10027717271409178,0.17365527035409786,0.17995396879281972,0.24148167969254536,0.16021361375460627,0.07520478449900676,0.14222421965090523,0.08364400657065345,0.07483358649680598,0.13296731101654244,0.2286637484612974,0.2428420539112382,0.12796100271697217,0.09777302989384246,0.0013704589941966254,-0.10693445242624844,-0.15648880978040472,-0.4909296553764592,-0.37958430244802566,-0.44902772265698526,-0.47881965876555527,-0.38787226462130686,-0.3962695030760621,-0.4670194362610636,-0.6071766824804156,-0.6660095827657304,-0.6310417879319357,-0.7836893801262264,-0.8341763502802402,-1.0354310669798186,-1.6673952922676465,-1.6344642874467512,-1.8486204532929094,-1.7475376254475146,-1.7713633015590984,-1.699776790087876,-1.727554824196384,-1.789557199951821,-1.5941872686270748,-1.69948122988712,-1.5773544245907722,-1.6590532911570715,-1.8479010371825435,-1.814901089040427,-1.6813321848680038,-1.6431233177091862,-1.8451198501910768,-1.68632079862608,-1.6711355127364005,-1.675389183565355,-1.6469197084732556,-1.643371650481186,-1.7201675868559465,-1.6150517912949365
8,0.9849117113855771,1.1478057179217647,1.1945804065455763,1.1507995153156352,1.0882000116644766,1.0488071640812642,0.9361045479359962,1.0717094503297646,0.8743931344837867,0.4144332389911699,0.3811389025272146,0.36740374989814056,0.3289216372413161,0.27328369448426026,0.32512676653305184,0.26798470580696027,0.46253373003109094,0.46784784963178083,0.32706138704251636,0.04789719473168131,-0.03804100062904375,-0.5095088279571178,-1.0782466360725527,-1.2866682120250976,-1.4103872168352887,-2.106415726327402,-2.1059474877621454,-1.9088394989052107,-2.117021442333803,-1.8533582249232765,-1.7840714022213338,-1.757768410514763,-1.5894156325001707,-1.5789492418683853,-1.26589476707637,-1.103101703377065,-0.9713947216612455,-0.6446788000262743,-0.6562861124583831,-0.5000271319683091,-0.36753226043974296,-0.41615781234446997,-0.2923073816103096,-0.022499510193586987,0.21685430908796338,0.16990787789792478,-0.0364788795051213,-0.09332739200998431,-0.09890823180750385,-0.023522877826300165,0.06223335436739592,-0.045393558810330824,-0.003437785104190905,-0.6297045237486948,-0.24937298268660668,0.2746107311578533,0.34068850370712667,0.4688458626049714,0.8869599652974048,1.1603426081015544,0.9845067600844524,0.8168603647725118,0.9687322272294964,1.002016062451296,1.0597590889689428,0.9788872298927626,0.963440186929541,1.0468301374503917,0.8110081528341571,1.2372619769970508,1.2486726177407506,1.103904100022591,0.926330444985586,1.3006571397035163,1.4843747194617225,1.4577817667528299,1.2090914003772553,1.0383032667299883,1.2028302514637794,1.1248002410696367,1.3582583803763377,1.3842945520100072,1.452043294781826,1.4060170578979405,1.1980674000650453,1.0148974319328339,1.1613984719940524,1.0670236578670054,0.9733597531606263,0.9912109748741618,1.1268321917469513,1.2122936863307188,1.1285493843051182,1.0923964397558918,0.8263633688487864,0.59288302315303,0.4793073650289398,-0.006441677884622775,0.08453165304767259,-0.16146143554265158,-0.20728098096946926,0.08633609950106395,0.09682353268356192,-0.09871028923594181,-0.19902491193458485,-0.34084171359960114,-0.31889274790002564,-0.5357894981410947,-0.59979067421867,-0.8973067924563637,-1.5925865671365014,-1.4048620593030516,-1.6370305336989897,-1.4652488918242188,-1.4851050745160297,-1.2575420400661848,-1.2798171985665843,-1.3443681900065414,-0.9377847629668167,-1.0803055033837545,-0.8141291771262511,-1.0234202839247981,-1.2797163450396423,-1.183905753869572,-0.950875477280055,-0.8653332262709024,-1.1073956704927364,-0.7524121754577646,-0.7106095464787132,-0.6710757520211453,-0.6226191272142999,-0.6837694732656246,-0.7774340312548991,-0.6027706075068658
9,1.5111087598936097,1.6335675566631138,1.7425939948378897,1.8578236021464105,1.9798636119646154,2.0135211170289793,1.8364476007787416,1.8230350249880274,1.8464003625778143,1.5279540039324557,1.7130825943565724,1.6429428095355927,1.696561694735083,1.6211114277506733,1.7172426095191886,1.752241048628902,1.7850842624886516,1.7964735701211678,1.753774191007127,1.5800660220387772,1.5543466439354061,1.2327988890712067,0.5102788040968224,0.506422247055806,0.43001921103965995,-0.2217483806346787,-0.34420315541430513,-0.2896509942531866,-0.8021810907385857,-0.5750180297834152,-0.5174702276801393,-0.4589590929546741,-0.2669164003288785,-0.2779153261951184,-0.04290959086517115,-0.08701877824122994,-0.10946455164092717,0.023896450278323943,-0.029213387228667925,-0.045674624800363633,0.09475242524956011,0.02769989642615388,0.13195334237930575,0.286086866257177,0.4247953243231122,0.4164454830759766,0.23296473086714412,0.13706582618534996,0.04874845454788737,0.03509059089684073,-0.048147956447586716,-0.07874286795004477,-0.08776644295819377,-0.7724692908823709,-0.7174294217257614,-0.5240549070052997,-0.6957226510844097,-0.5285424408560908,-0.4397222230029061,-0.38446875446528034,-0.5473975726899696,-0.5636379513408132,-0.6455020615411913,-0.5814266013984849,-0.4898972817045887,-0.5656604349882967,-0.5791978311099164,-0.7223487888435168,-0.9535977757745869,-0.8448458428421919,-0.7329592939593349,-0.9336755533708373,-1.002856531560796,-0.7216319774161833,-0.7025090493831012,-0.8622061285485535,-0.7816734274478122,-0.6548313710595245,-0.5129063876771218,-0.4207673147636876,-0.07946658953284937,0.012307716390007767,0.0526691485029479,0.2735659467488416,0.1529784415160008,0.09047322900148426,0.28975739606186895,0.293552684834353,0.35816218798091154,0.5076951213820383,0.6905719415690588,0.763098479577261,0.6104473318738074,0.6421877981714912,0.6300075120172087,0.6780095865215368,0.6101594184804278,0.3048266623016621,0.6993316569269544,0.6377652880193432,0.6786881527407304,0.8628973006232008,0.8943226028551521,0.7676930020476846,0.5845983877509838,0.48666902847101173,0.6226533700476296,0.36898577613973893,0.25758774722138167,-0.10851112906279006,-1.0255707805750816,-0.9027099828332119,-1.2436050442053617,-1.1458129827473982,-1.1920254891208093,-1.1921302690373705,-1.308506040840581,-1.4445129353275474,-1.156972030375883,-1.4011425297208209,-1.279144316029174,-1.429858617359227,-1.8047280654627555,-1.8362904669763547,-1.5597247289285046,-1.4912922446200156,-1.7089222739157428,-1.4066257809679537,-1.3672591287240954,-1.3750299557787016,-1.326852355027635,-1.2662716486029817,-1.3403681572780555,-1.187650658845149
10,-2.8970850878980405,-3.307106712989486,-3.563295887234776,-4.07766205356844,-4.071359379597249,-4.264958605315353,-2.387546078323875,-1.4484794503655398,-1.2429092950462177,-0.8807352054360053,-0.14479560127885382,1.4068664963219504,1.2858748244284433,1.1476478645077555,1.1129071538751092,1.094384926847914,1.0920394469677257,1.1311485464375828,1.1302751184955029,1.0740636089642202,1.0201558925670642,0.8493093510430657,0.6075384579591592,0.5248226841092266,0.392728975082478,0.3039980514094391,0.3482424944585563,0.36729350692335355,0.3294035541764469,0.2997228192050118,0.3070743799393367,0.32404717360117063,0.3856679860597218,0.40811613118506707,0.46941557711102844,0.5065826804476976,0.5106705700942121,0.57366581762534,0.5786991315520714,0.6129874623342012,0.6458430702596826,0.6497511502894479,0.7206724146551969,0.7295935669986454,0.7877720041371682,0.7541512467100768,0.7364541563300716,0.7305556400304776,0.7081989646315983,0.6427611410385425,0.6240224447484163,0.6183527064066109,0.5853499819753317,0.4764072703619696,0.509894320124162,0.591707913195393,0.528964195530118,0.5672786675356277,0.6056915712215876,0.5904589543391194,0.5653025195473333,0.5233073902480097,0.5318862147420131,0.4900707262515585,0.49233222236234486,0.4918504533675857,0.486629878313737,0.43305845535022036,0.36212154560518883,0.38668034419277664,0.37007323058304725,0.31217906962248915,0.3136101739728769,0.2996683571462272,0.3027228819552081,0.2541383478572634,0.3108743143987011,0.30370876090286625,0.2985607612871821,0.2695197378853052,0.28392933050493546,0.3316871088891341,0.34362926191510496,0.3438591259163169,0.30748304098693424,0.3206511570821941,0.33127221178972793,0.2784476655891767,0.27242349883804967,0.2735367526435411,0.2941192156130224,0.23335187602376675,0.1554477281485693,0.1009732035758645,0.11162079096030579,0.0957426377621738,0.10179718817462861,0.03177490480441001,0.01478017479854095,0.00670637274702453,-0.057491053824487715,-0.05608454495694186,-0.057311379802951576,-0.09493011426388373,-0.10799612408992033,-0.14750738376015388,-0.19961613281861681,-0.2176497090100724,-0.2929857209120321,-0.4191863362523369,-0.5870322282580209,-0.5490871720376992,-0.6041204797092508,-0.6187749539487224,-0.5968201534540432,-0.6078714133371131,-0.6187667430665452,-0.6112832384740592,-0.5688623662918306,-0.622820243456537,-0.5892733720179176,-0.623133818036296,-0.7192573558022847,-0.7203824799584577,-0.6900924433448309,-0.6915897674056726,-0.7515546020403764,-0.7241308466042141,-0.730519992900619,-0.6603334076289769,-0.6181425144162375,-0.5594053950818246,-0.5715935668253647,-0.45922028576232526
11,-0.8465586592082391,-0.7634764691903417,-0.752464127041002,-0.7539934009135708,-0.7507136461157686,-0.7161441415377792,-0.765911439113465,-0.7111219853626787,-0.7330263417949069,-0.8681897442005273,-0.7941223915704207,-0.80701335749006,-0.8300718189797016,-0.9067421691496244,-0.780020915117617,-0.7579777287570348,-0.7086348173361154,-0.7434567903925134,-0.7493524708824816,-0.8859373967623089,-0.8768275476399716,-0.9716708580109866,-1.1855944622075651,-1.1768697011862317,-1.210838335402918,-1.5635674126144528,-1.5808084699447198,-1.4889666114986062,-1.7207866308777018,-1.512434393867003,-1.4405818735145226,-1.380336105987336,-1.2390592348877711,-1.227811310399875,-1.0373068234489458,-1.0107647279383762,-1.0067430365866201,-0.8702308761531434,-0.8887904293417396,-0.8706060888954653,-0.7618772383386022,-0.7731571720338082,-0.6707541598238368,-0.5596884677146244,-0.47901519829801303,-0.543598808473453,-0.5859597194238503,-0.6040807446684817,-0.6536386742388778,-0.6072615252354951,-0.5802629662454017,-0.6230369917607835,-0.6733870159136196,-1.0182008756107095,-0.8941428740973942,-0.7426125892798481,-0.7800063778514499,-0.6938443057536291,-0.5239810471935025,-0.47858693467204455,-0.5631534558923476,-0.5809489513970828,-0.4856674990274627,-0.4633956623521403,-0.3926004457236361,-0.3852948404250023,-0.4345714368684418,-0.4282808019956049,-0.6101790766681676,-0.5184246133447513,-0.460185484754422,-0.6307566498573838,-0.6916861752851524,-0.45227387279401504,-0.3338782024765564,-0.41369460244913914,-0.23538374952381594,-0.09329238202049495,0.027976141442470966,0.09019307792093574,0.35545224465157893,0.39747731882312254,0.4527190964921644,0.5483603427853222,0.3990046628912318,0.5315458311736833,0.7051911773757424,0.7711487995649344,0.7244165011368984,0.7814065862252495,0.9539388092103714,1.0657992565938388,1.0769693264293747,1.148657348666309,1.1355737393018228,1.1866841619762745,1.0629798814208113,0.9045259640458653,1.17824745617907,0.9582164451938665,0.9497337592252291,1.2163133742569041,1.2804538896879079,1.217202312823423,1.2103073466404906,1.0924133889578742,1.335657973156714,1.207810907167891,1.2234574432920806,1.080130065497143,0.71949536351476,1.0367426426425106,0.9085417982441795,1.097775075707566,1.1862909982701604,1.2508960524123665,1.0688877187343986,0.9039256429755891,1.3446834062845434,1.4142463545174624,1.436899291979765,1.2640174669253064,1.0154424292251332,0.9695338268679771,1.3595496302338728,1.564861739507615,1.4921344363441589,1.7447928127513728,1.8814602970439467,1.9531622312890384,1.9326164138634676,1.877373205267485,1.7844892496585283,1.8285036163353572
12,1.3719260306252894,1.4524784747749868,1.469476528150258,1.5007595958788615,1.5301660116819151,1.509505735927673,1.4378017130390892,1.463171836214633,1.4381538174574202,1.193882040798023,1.2825345308209024,1.2885941998050654,1.3207161281645006,1.321663416993978,1.3941956705606342,1.400657364030194,1.4444771041414521,1.439496230723396,1.424590870081093,1.3132578786984068,1.2824437144893353,1.1127995340081527,0.7745458688274831,0.7863164967804241,0.7979568009827382,0.4245799060557384,0.4739002664781036,0.5370555196451813,0.24631780774265902,0.40827423703399685,0.4349279609328007,0.4639843549026955,0.5969125653689993,0.6202026221595871,0.7682296055679934,0.7376717683620029,0.7417742685780976,0.8000691199779522,0.757741779507168,0.7556441815711625,0.8541301622712771,0.780927703632667,0.8266229319176401,0.9286648235172851,1.020646635970061,0.9722322327570896,0.9035514815219814,0.8593984098006835,0.8247347010883991,0.8033121233990423,0.7711871478681388,0.7306544500216947,0.6972618963226147,0.2696935853105474,0.3001939952494822,0.44259612545311006,0.34403654264377176,0.42176525358568184,0.4602025890997209,0.4557953348848813,0.35070592349827634,0.31527061014876717,0.29623778229341324,0.3193907806483869,0.3409126843786332,0.26805435716476633,0.23904439971533864,0.13469690550936905,0.005484997364671714,0.03488358049453976,0.061829560028649595,-0.14184251531735037,-0.21809417714722776,-0.11265739407452557,-0.14590658319535474,-0.3130440242565476,-0.32698209836121644,-0.4305369087763825,-0.39704794846628577,-0.4116234248610565,-0.31948623314296964,-0.28524203354165595,-0.3058347480522024,-0.285104463696192,-0.32866972241220344,-0.3665374964182329,-0.3290184192610669,-0.3540874398584794,-0.36249237667742634,-0.3227425696892749,-0.23672715805033484,-0.22986741941475325,-0.32605763583730896,-0.3554139655235147,-0.4327074677858406,-0.5032135433106625,-0.5558776811530566,-0.7873103783061778,-0.701681646086602,-0.7556147868038595,-0.7896131315886995,-0.7234248851268119,-0.720913105910048,-0.7579847130724524,-0.8656572611304201,-0.9128804649644745,-0.870674395721347,-0.969443352386363,-0.9991997668859588,-1.1252410825116983,-1.5514826654948903,-1.5106726363612797,-1.6122462487958473,-1.5500626488391973,-1.5804764662723143,-1.548631817643095,-1.5607920881910424,-1.6087072691699755,-1.4800960025470447,-1.579855443457479,-1.5161534973461241,-1.5889585225239886,-1.7372639858736958,-1.7156318110547455,-1.6110405012633813,-1.5798158288554816,-1.7161947066437802,-1.5821450475438423,-1.5729261631921663,-1.5955929137880493,-1.5785323763515478,-1.585530301741628,-1.6375108713317974,-1.5761990320422041
13,-0.32428774920910225,-0.20280687936003156,-0.20594236356090806,-0.24746081578007717,-0.2717712617835125,-0.2705354548131764,-0.35594665317106644,-0.21869804199502677,-0.3478438251595373,-0.6461071046882564,-0.6206782783508099,-0.5978145836851875,-0.6193262567684678,-0.6346632637170277,-0.46883517943622477,-0.48066393552995845,-0.3320805723440646,-0.32973346583150226,-0.28861010606440185,-0.4181752157288668,-0.3589145992995072,-0.49922783344540783,-0.8648476547357066,-0.7676371583567371,-0.8178355832870284,-1.2396268610287065,-1.1239955976163027,-0.9375759722970238,-1.0802443764273852,-0.7637987162047334,-0.718311786261834,-0.6696720964937204,-0.4562496105960502,-0.32689761005867296,-0.020247968910723526,0.1241070199750314,0.23129378744960077,0.549249674365351,0.5936060799085001,0.7907687664007329,0.8352671631895472,0.8896260688605429,0.9443772878370605,1.3091156055074658,1.653591825605656,1.4607727221822568,1.2814025437269114,1.3294778270141965,1.3363890199789723,1.431079191746011,1.512346103678367,1.350177861011979,1.2903735940612402,0.6541854223759205,1.0212094291979328,1.3365021966478583,1.226101536551816,1.2746268657001574,1.593899831809304,1.6861352095324111,1.5595120069151642,1.303679667811179,1.3532314997008739,1.3398916779668097,1.3872453895053791,1.2743701526963227,1.2759722129673754,1.455938209742886,1.0225450112118133,1.1892262392007213,1.116659188595037,0.7955144721029844,0.5578713599297863,0.8230367895762559,0.8248863907130407,0.593011087827085,0.593891216107898,0.554705824434794,0.7054951748217023,0.6131845456506794,0.8497044040310937,0.8710443475681909,0.8293312212697117,0.868327460454456,0.7748404024912738,0.6694901762362692,0.7781172569895857,0.657491176977483,0.5569513922447901,0.5853107824222012,0.7228894327810166,0.7645161176617726,0.6204920578875024,0.5751359502148058,0.33318937011390726,0.21885417331110021,0.08086040232810945,-0.3416173043182514,-0.21040935196378,-0.28967161951780707,-0.34327603060999184,-0.08650030854775499,-0.06076786711508657,-0.20620793116584513,-0.3282026727274717,-0.38601191247374705,-0.36658720623168883,-0.5498425603932093,-0.6597435066104134,-0.9058817107340571,-1.586517709930942,-1.5326156163676177,-1.8027908494520124,-1.6442320355785807,-1.6493266636180328,-1.5312273884620669,-1.62745708360171,-1.652067258038632,-1.3565185188589801,-1.4595976301437152,-1.3746981094256152,-1.5456576456973476,-1.7228160417907505,-1.6823168605570582,-1.4174335528155226,-1.3067447297955874,-1.5395905361834739,-1.3205994609023601,-1.279582576847226,-1.2754904790176707,-1.2849897711003602,-1.3477116839223557,-1.4068097142524167,-1.1935205460099918
14,-0.3328375875128949,-0.32359310433859323,-0.35144871958428114,-0.35046999419663666,-0.37658305470281883,-0.40907049125929656,-0.43587004132865015,-0.4605493649969431,-0.4845267004156593,-0.520269454764013,-0.4643726884851698,-0.5045777360617384,-0.4974768545881469,-0.5204217348944186,-0.5143640289386952,-0.49803898844751193,-0.5248202015810968,-0.571065109316366,-0.5811652937217452,-0.6490036520668776,-0.6757540435878273,-0.7471464057803459,-0.9173152718087361,-0.9429146157071634,-1.017078390564472,-1.1744932038605496,-1.2337374459356996,-1.2531817792563569,-1.4207233676234954,-1.3262660332003298,-1.3248475373725008,-1.3146878973169942,-1.231713185350888,-1.1998171021042088,-1.1179962309129665,-1.1288994224289473,-1.1004970717536724,-1.0094064818574273,-1.0337255674438062,-1.0057186693939608,-0.9207490394507775,-0.9316680894251794,-0.8466431027857579,-0.7875971883043501,-0.7247922313177806,-0.7431859104731905,-0.7456842138847252,-0.735359832471418,-0.7665972575830972,-0.7659487563652793,-0.7825699124099168,-0.7926687222438019,-0.7799731398655584,-0.8925045397657633,-0.7857402370055366,-0.7652877100812632,-0.8206353717603563,-0.7654602230457621,-0.7017696040650929,-0.6689397508160938,-0.6248735009689418,-0.6262180349207239,-0.6142350308624581,-0.5310583918000347,-0.4797366566714892,-0.47213542256124,-0.49862422919753524,-0.5092636693000949,-0.5735393880744892,-0.5985817879623185,-0.6029431725169512,-0.6799079596547384,-0.6752030105405838,-0.5623118716659721,-0.5506353973227648,-0.5618463321491679,-0.431027496162965,-0.30161876663398063,-0.16626860920785827,0.09987139288900088,0.7838067987664,0.9293764924538085,1.0664554322142328,1.4209537944485369,1.4259662928272403,1.5331568612155189,1.7346483946862854,1.7680588956815868,1.7085139684219102,1.8380179008092976,1.9162853817025023,1.879054307842766,1.9219717443802973,1.9663017520701618,2.0138010061096185,2.004646734640555,1.904418740369533,1.7885924305755114,1.830257117370989,1.7005583458456957,1.7325430295366808,1.7817426757675174,1.7431117514234025,1.633222547522168,1.5608344748810337,1.537904853579681,1.5710250959729177,1.4532782709018701,1.2962393426258554,1.1092868829799492,0.8600633342255365,0.8580210871309573,0.7950769001890666,0.7788462031155992,0.6731573967229917,0.5372595939272354,0.3771998850041068,0.2178519865245249,0.3140850943297378,0.22612451713592083,0.23797196116383623,0.15080880027275245,0.0587801167587076,0.0724541135759781,0.1632666282524227,0.16449556545573812,0.17345961809109348,0.2847405303217694,0.3021687294261306,0.2569155822881182,0.3288464467715386,0.31976538047984954,0.26755945642807083,0.2574264476526891
15,-0.6054663800699921,-0.5456194493063629,-0.5526195503981747,-0.5539998720682815,-0.6243189873105751,-0.5376697136466299,-0.5810810817450937,-0.5084471236956405,-0.582931060672492,-0.7818458155455228,-0.7405833320266237,-0.6732178670733318,-0.5871081435468543,-0.5911621393479806,-0.4753297772982302,-0.5431968202864192,-0.411558450888136,-0.4535837980178353,-0.4612437960823489,-0.5511884561510222,-0.5729950309107408,-0.7818621563222078,-1.179713177771638,-1.2568826272619469,-1.2841335401034488,-1.6234475352871645,-1.5516501113235799,-1.4464433340531506,-1.6248724717200678,-1.425340659513923,-1.3850156803907974,-1.332254755507158,-1.2182201890627167,-1.1628641513840128,-0.9062611087376187,-0.8270976586873217,-0.6362453462760634,-0.44629646410325424,-0.4745941709987887,-0.30382354606581236,-0.21171555767935768,-0.24999506736754185,-0.18263708832766387,0.008742724687399311,0.17131423549089803,0.14855640755930355,0.023517847461540852,0.09105604914142841,0.10578217258602361,0.21462408523036763,0.25663793969323084,0.15821798245468321,0.15504431016091558,-0.2515494478811364,0.09760825549535179,0.4926077626789489,0.42141238450111346,0.478589464905017,0.8191092344854477,0.969424434747327,0.9201791376924738,0.8780818644939454,0.9360937401033559,0.9148149985177886,1.0444020985025115,0.9952847138084956,1.0401202288379172,1.041546196711257,0.7928108183028973,1.0329187990185333,1.0182383480855328,0.9569582538678608,0.8589250016413073,1.1822485962486868,1.270048164327018,1.1254288135115185,1.199780971844329,1.3139756979246553,1.4235328313942015,1.383712232303203,1.7282823424824714,1.6699561584531697,1.61349979331867,1.6753159440399137,1.5065161061980845,1.486538091578517,1.607623072146286,1.4914556550870404,1.4507250517128643,1.4974499521723101,1.5704349056797535,1.6684440984698552,1.561883892611122,1.5619739792425955,1.4303203726617606,1.4846399170257654,1.2174512717495851,0.8985482028593441,1.0597395094121607,0.7787694670444999,0.6413009910234422,0.8487010371142512,0.861149779678397,0.7883094768353024,0.6634804070449789,0.4336837836944251,0.4277330797683489,0.11557489075605319,-0.02080038115898906,-0.2799682989708662,-0.8882448322824034,-0.879757522707128,-1.1013129220447946,-1.0570166080483514,-1.1967752321722684,-1.066758823524727,-1.156981004668752,-1.2703104814858557,-1.042554816797168,-1.1061977744515015,-1.031271569942358,-1.232716712221934,-1.3820490416433238,-1.4336830146661812,-1.2067520607701634,-1.1481277801597445,-1.3221547687124557,-1.1060168507101278,-0.9945029379534744,-0.9917307419090532,-0.9063498762891881,-0.706969670628017,-0.8299653394071728,-0.6237964730367971
16,2.366348187333692,2.5683395758914074,2.569147435964548,2.538391637801345,2.5824593313597197,2.5477859148155027,2.4119198160807103,2.3939020678500906,2.2723028748819316,1.9164847652724677,1.8332369709679748,1.755702844832086,1.707508280796949,1.5964649332643206,1.5918171766082176,1.5672977949436813,1.5345030802322117,1.4731979913038868,1.3739941577147579,1.1853128918344689,1.073518474179554,0.6492911151483585,0.1661506525225962,0.08473547133636464,-0.01637311141596569,-0.4734372827540261,-0.4498459700895141,-0.29421558690160843,-0.5638858267799466,-0.30903939845705947,-0.2579829631697351,-0.24092479314918883,-0.11432256063721925,-0.03036056600030407,0.21711358959775198,0.2210502630340567,0.2553392234334812,0.350655328093786,0.3152398938770661,0.3464222804805706,0.47101711035648447,0.4406324409049086,0.5160945300184641,0.6375908381216441,0.7585847836410013,0.7014589362325016,0.5665345876670848,0.51228878970397,0.46489271515578,0.4443327102881522,0.4221703218732179,0.3639942824428884,0.33505713230311507,-0.20965213503066957,-0.12126349668377039,0.07543270725437096,-0.00017943578181360583,0.08369825568000985,0.19539378396737384,0.1788274933544784,0.08177249528259997,0.026915441982599778,0.03954216282191152,0.010714762903239248,0.07186193394627631,-0.03535924222862935,-0.07482390404474225,-0.2048771867795973,-0.370006994958239,-0.32057426758933844,-0.2972537898241666,-0.4928435558013138,-0.5670663643480732,-0.44233485512079423,-0.4503472062605357,-0.6328798863088338,-0.6057636075670912,-0.6212097878826383,-0.5402274731705365,-0.5360078246462682,-0.39229801505968764,-0.31510378662187016,-0.30888735979133675,-0.24160433571805726,-0.30477986680575897,-0.35011887615475257,-0.29307633521073323,-0.33111377110731627,-0.36226573371050935,-0.25016632846823544,-0.14701369224640234,-0.11560870918104343,-0.2224070832240717,-0.2376961935525077,-0.32174422105160044,-0.3729926513671915,-0.4410214371273914,-0.7003619602253508,-0.5743908268694814,-0.6310352660758292,-0.6585627608592864,-0.5460120350188652,-0.5173027742509915,-0.552262734773942,-0.6330453894388121,-0.6817278245361192,-0.6272563157559263,-0.7645329924451865,-0.7499006371061291,-0.8870004398716244,-1.3466725840511988,-1.2843307888502011,-1.3717238410683563,-1.2606637353001187,-1.2925914232872266,-1.206992563365751,-1.2321808171318804,-1.2479807718546427,-1.0597066346735642,-1.1356515579343855,-1.0660899764836227,-1.1943402184983285,-1.346089680596015,-1.3299827338935877,-1.191213385916349,-1.1491683584354933,-1.270797361674128,-1.0740555940213585,-1.0456132031327767,-1.021560304736721,-0.9784726107759343,-1.0030305767450007,-1.0312333056839325,-0.9199507822374274
17,-1.6183616587068135,-1.5057824689059378,-1.4910160983683998,-1.4212204898313219,-1.2623792472655513,-1.2361722901830203,-1.238184862814264,-1.2181181612926377,-1.2516289069943725,-1.3931035693733154,-1.3774145254447778,-1.3700935645060206,-1.342710453827211,-1.3276615108199685,-1.2441354168889807,-1.2559638670525297,-1.1499320166123603,-1.1723002265353075,-1.1513139139494073,-1.262554432377578,-1.245215826169219,-1.3500066116251943,-1.4867962438427338,-1.4897704713343185,-1.493583702824729,-1.733889261391413,-1.7035249185532735,-1.5808776077542055,-1.7571928545373918,-1.5590422864530953,-1.5105836753997712,-1.516120103448323,-1.3514903111678236,-1.3455064707424675,-1.178331628799907,-1.123634296288261,-1.0670083242243331,-0.9510560451040726,-0.9904021735003988,-0.882165519297117,-0.8144611606996739,-0.8364942906022333,-0.7680268419156633,-0.6236045045461608,-0.5237142840386236,-0.5438366661180616,-0.5892671077545748,-0.5377010307392743,-0.5388444237289506,-0.3840150443395143,-0.3545219208879079,-0.3870873297250293,-0.38832081429748033,-0.5751420624517721,-0.26952438665961703,0.014554452588262146,-0.03142918668715917,0.07608313998966755,0.34299048749766947,0.5076999647486677,0.49264246003230444,0.46937976939742704,0.4792229119375119,0.5233516273500863,0.5491626269852722,0.5340623166433062,0.5274089638343793,0.6554597999056238,0.3871340337471406,0.6013645498520298,0.6109328460312132,0.5166507174844281,0.376223369727303,0.6450166297248902,0.7772872850370355,0.7265111197617163,0.8117651559371091,0.8616953419922829,0.9472698970389293,0.999787001010809,1.1998076873390715,1.1938482920694429,1.1781463122835047,1.189663768776534,1.0538696299712298,0.9992002765016168,1.1561912361928792,1.149978255348946,1.0687252459218874,1.1035244458691926,1.1800405606025526,1.2672094041452702,1.2066501162996017,1.1930051296001385,1.144559625476194,1.130357764962353,1.0109817530759124,0.8920488346159526,1.0552760309667943,0.8907407851548889,0.8155370386265598,1.0140368154436117,1.081454739204416,1.0575343750075996,1.027529343278688,0.9186501573470306,1.0038137233141702,0.8466404089596781,0.834199130678999,0.6426629751345931,0.2901630395527962,0.47120063523603833,0.3247142711011365,0.4686442006648972,0.4529012578487671,0.5842298895882035,0.5023669377075315,0.4101616649700258,0.7388496024009108,0.7258127833161214,0.7896271821176425,0.6560793618485664,0.4837859344829267,0.5283017599853586,0.7954529727116489,0.8685594872216165,0.8267959496650229,1.0550056118670816,1.0815745660990288,1.09824669309005,1.0477815968502222,0.9156634928866538,0.8077525037060972,0.9090253440567957
18,0.7710631383932044,0.8677189156758731,0.8777694762677657,0.8932201161943645,0.9043584288834278,0.8655661104803395,0.8175018697129061,0.8651195290733769,0.8181230940926936,0.6290538486671905,0.6511853282079766,0.654679166458648,0.6879563132797258,0.7438812502818499,0.8515969936160043,0.8510061364546241,0.898572788998743,0.8849026649859555,0.9266186361700415,0.9145355427836354,0.934876160495896,0.78751878487005,0.4849376886989978,0.4566796128782244,0.43389415004656984,0.08092079910824293,0.13317253046025637,0.18550998154540213,-0.07776405069051616,0.06658834059820244,0.084182748417798,0.11844479131508606,0.23910764593803605,0.2344098861606513,0.3875296336633067,0.38862138873196966,0.4141813497676076,0.4814641288784133,0.44412470433715395,0.45575991748992134,0.5667486517974076,0.5268616746032329,0.5779500562658269,0.6821693151987662,0.7682839072636245,0.7142990728034643,0.6333692834349537,0.5969448514966654,0.5787691021313873,0.6074587908122485,0.5980981012869234,0.5521774669594145,0.5336751830659011,0.1046739580395857,0.2004581052456106,0.35375370779831283,0.31348202340914655,0.407981924139613,0.4821572733400818,0.5110734165641521,0.46320368792562355,0.45375388156071284,0.45212322682093503,0.4863529200624706,0.5404367539611202,0.4968005957129495,0.486775982145359,0.466931717396288,0.30427887804586945,0.3796650300129665,0.41348056065178435,0.2453567741441281,0.23228229259236663,0.3477390202133234,0.3344912284458998,0.18623607100629447,0.24686320498081096,0.24066682462471864,0.3023150001039732,0.2918012831725635,0.3915903664623418,0.44483618583010986,0.45743104991068567,0.5273292824997264,0.4477204212663307,0.3995518870833181,0.46427610441910633,0.4551651554671192,0.4315891158543708,0.4909169144980962,0.5948530978154544,0.5984490255143,0.5381165412869765,0.5201189368581264,0.45219442754046163,0.4141216882210444,0.4119684218174171,0.12794882124191484,0.2900849752975661,0.232398562128287,0.20941128948896076,0.26047847817042546,0.2361939721925675,0.16401737890192916,0.003445607168852396,-0.06162313281723453,-0.026604271445494067,-0.19875844086084735,-0.30702241505678546,-0.5334138309345342,-1.205400965115769,-1.3393974578539027,-1.6664314858761489,-1.6958971565742273,-1.7725658123856174,-1.792583240899924,-1.8897089238411813,-2.0256290296282713,-1.9051888414325377,-2.0437943507723073,-1.9644113876196427,-2.1447693960008465,-2.380142484018714,-2.3995363721940786,-2.2816189888189164,-2.2359419505130127,-2.4509666553569738,-2.286568745779229,-2.2795742082659065,-2.2936254702330343,-2.269043460945376,-2.2648546764476203,-2.3701434891498665,-2.26952140672358
19,1.379691575430826,1.4538911905191292,1.4988630716689963,1.553509718176498,1.7399340305683015,1.7369330932503044,1.6924448201076925,1.6103732289095731,1.624825655685768,1.4443700407233846,1.6170343283956539,1.58225950426493,1.6528454616290633,1.69665553522626,1.8065194795616786,1.9002167326089188,1.904272686116682,1.8825233687016154,1.9055726866257585,1.8191692385947449,1.703613484878815,1.6515946734005473,1.400811387248174,1.5786230608994989,1.650139320558918,1.1727094160459386,0.9946925254378047,0.8871375000505611,0.29867898425409495,0.39003618804030393,0.4488242526635796,0.48350739606478116,0.6723913640929989,0.7200468968974073,0.8270827209674709,0.6111394281033963,0.5698128785989937,0.5744933672553117,0.4630600387725854,0.42210081517188947,0.5961751799814721,0.4764249569053585,0.5482715857145241,0.590182937624284,0.6564230320215285,0.5656911458157687,0.5255781508912264,0.46124393492560967,0.3645288751781216,0.2814082440324231,0.27202404045610024,0.21653378846551746,0.13863669205146123,-0.29872631852806386,-0.34699702667108423,-0.23923310713159598,-0.3865508453527537,-0.21425560888828118,-0.22739348876370402,-0.2736528223967954,-0.3664063975433613,-0.3971337044586314,-0.4326969102209791,-0.25940594336241163,-0.23958032013618621,-0.3382564412343726,-0.3568934877053469,-0.5097964513020496,-0.6234502071586367,-0.5603193424128242,-0.45523377897453443,-0.6350235413206519,-0.592859771176491,-0.4134196677997442,-0.4710484721021028,-0.6096660540460247,-0.5914624650848643,-0.5960033093334709,-0.5250094903825724,-0.5397396514751233,-0.3987309981868709,-0.32759777712807636,-0.34358568273563295,-0.30312531383696123,-0.344081129673107,-0.3299200006374828,-0.299009626805931,-0.3528547235091124,-0.3803897992980079,-0.26137119636855105,-0.1751834749824247,-0.21176743613858828,-0.4036037065745124,-0.44082268680117004,-0.5235300948963347,-0.522900962717324,-0.548481551455713,-0.817019466695504,-0.6511395260817472,-0.6403166233238824,-0.5634916263072698,-0.5066464673638453,-0.4941353481547468,-0.480702244106235,-0.608698796250211,-0.6116116725343292,-0.4997160883286574,-0.5537472050136246,-0.5355910516399663,-0.5602762566921805,-1.0020628738722168,-0.9134063483980221,-0.9870105509407027,-0.901177013986676,-1.0186095962591366,-1.100561974945864,-1.199148016720536,-1.2876846778793494,-1.1127576316357917,-1.37906807251282,-1.358852854820448,-1.4614753568196799,-1.6206394091838594,-1.6130735183396498,-1.429125870360047,-1.37479153685671,-1.559957383420095,-1.3973601381998806,-1.405894541144923,-1.4457600297968085,-1.4904069598339786,-1.525500447757681,-1.531793565711014,-1.4091421816356944
